{
    "BP": [
        "xsec (pb)",
        "error (pb)"
    ],
    "BP1": {
        "XS": 0.009436,
        "error": 2.876e-05
    },
    "BP2": {
        "XS": 0.001068,
        "error": 5.796e-06
    },
    "BP3": {
        "XS": 0.0008248,
        "error": 4.762e-06
    },
    "BP4": {
        "XS": 0.008087,
        "error": 2.838e-05
    },
    "BP5": {
        "XS": 0.00985,
        "error": 4.725e-05
    },
    "BP6": {
        "XS": 0.007774,
        "error": 4.141e-05
    },
    "BP7": {
        "XS": 0.007488,
        "error": 3.081e-05
    },
    "BP8": {
        "XS": 0.007669,
        "error": 3.137e-05
    },
    "BP9": {
        "XS": 0.006176,
        "error": 2.829e-05
    },
    "BP10": {
        "XS": 0.007222,
        "error": 2.004e-05
    },
    "BP11": {
        "XS": 0.003821,
        "error": 1.878e-05
    },
    "BP12": {
        "XS": 0.01053,
        "error": 4.045e-05
    },
    "BP13": {
        "XS": 0.002714,
        "error": 1.131e-05
    },
    "BP14": {
        "XS": 0.003322,
        "error": 1.547e-05
    },
    "BP15": {
        "XS": 0.0012,
        "error": 6.839e-06
    },
    "BP16": {
        "XS": 0.0005418,
        "error": 3.157e-06
    },
    "BP17": {
        "XS": 1.83e-05,
        "error": 8.574e-08
    },
    "BP18": {
        "XS": 0.001243,
        "error": 3.556e-06
    },
    "BP19": {
        "XS": 0.001802,
        "error": 5.906e-06
    },
    "BP20": {
        "XS": 0.008428,
        "error": 3.07e-05
    },
    "BP21": {
        "XS": 0.0004902,
        "error": 1.848e-06
    }
}