{
    "BP": [
        "xsec (pb)",
        "error (pb)"
    ],
    "BP8": {
        "XS": 0.007669,
        "error": 3.137e-05
    },
    "BP10": {
        "XS": 0.007222,
        "error": 2.004e-05
    },
    "BP12": {
        "XS": 0.01053,
        "error": 4.045e-05
    },
    "BP13": {
        "XS": 0.002714,
        "error": 1.131e-05
    },
    "BP14": {
        "XS": 0.003322,
        "error": 1.547e-05
    },
    "BP18": {
        "XS": 0.001243,
        "error": 3.556e-06
    },
    "BP19": {
        "XS": 0.001802,
        "error": 5.906e-06
    },
    "BP20": {
        "XS": 0.008428,
        "error": 3.07e-05
    },
    "BP21": {
        "XS": 0.0004902,
        "error": 1.848e-06
    },
    "BP24": {
        "XS": 6.405e-06,
        "error": 2.682e-08
    }
}